Week,Phase,Primary Layer Focus,INPACTâ„¢ Status,GOALSâ„¢ Progress,Top Risk,Status,Key Deliverable,Notes
1,Foundation,[Layer focus - e.g. Layer 6 Observability],[Your INPACTâ„¢ changes],[Your GOALSâ„¢ changes],[Your top risk],ðŸŸ¢ On Track,[Week 1 deliverable],[Notes]
2,Foundation,[Layer focus],[Your INPACTâ„¢ changes],[Your GOALSâ„¢ changes],[Your top risk],ðŸŸ¢ On Track,[Week 2 deliverable],[Notes]
3,Foundation,[Layer focus - e.g. Layer 2 Real-Time],[Your INPACTâ„¢ changes],[Your GOALSâ„¢ changes],[Your top risk],ðŸŸ¢ On Track,[Week 3 deliverable],[Notes]
4,Foundation,[Layer focus - e.g. Layer 3 Semantic],[Your INPACTâ„¢ changes],[Your GOALSâ„¢ changes],[Your top risk],ðŸŸ¢ On Track,[Week 4 deliverable],[Notes]
5,Intelligence,[Layer focus - e.g. Layer 1 Storage],[Your INPACTâ„¢ changes],[Your GOALSâ„¢ changes],[Your top risk],ðŸŸ¢ On Track,[Week 5 deliverable],[Notes]
6,Intelligence,[Layer focus - e.g. Layer 4 RAG],[Your INPACTâ„¢ changes],[Your GOALSâ„¢ changes],[Your top risk],ðŸŸ¢ On Track,[Week 6 deliverable],[Notes]
7,Intelligence,[Layer focus],[Your INPACTâ„¢ changes],[Your GOALSâ„¢ changes],[Your top risk],ðŸŸ¢ On Track,[Week 7 deliverable],[Notes]
8,Trust,[Layer focus - e.g. Layer 5 Governance],[Your INPACTâ„¢ changes],[Your GOALSâ„¢ changes],[Your top risk],ðŸŸ¢ On Track,[Week 8 deliverable],[Notes]
9,Trust,[Layer focus - e.g. Layer 5 HITL],[Your INPACTâ„¢ changes],[Your GOALSâ„¢ changes],[Your top risk],ðŸŸ¢ On Track,[Week 9 deliverable],[Notes]
10,Trust,[Layer focus - e.g. Layer 6 Feedback],[Your INPACTâ„¢ changes],[Your GOALSâ„¢ changes],[Your top risk],ðŸŸ¢ On Track,[Week 10 deliverable],[Notes]
11,Operations,[Layer focus - e.g. Layer 7 Orchestration],[Your INPACTâ„¢ changes],[Your GOALSâ„¢ changes],[Your top risk],ðŸŸ¢ On Track,[Week 11 deliverable],[Notes]
12,Operations,[Layer focus - e.g. Layer 7 Final],[Your INPACTâ„¢ changes],[Your GOALSâ„¢ changes],[Your top risk],ðŸŸ¢ On Track,[Week 12 deliverable],[Notes]
